player_id,player_name,team_name,competicion,num_partidos,minutos_jugados,toques_totales,toques_en_campo_rival,toques_en_area,pases,pases_completados,pases_progresivos,pases_ult_tercio,pases_al_area,pases_largos,pases_clave,asistencias,centros,through_balls,pases_hacia_adelante,pases_bajo_presion,presiones,recuperaciones,intercepciones,bloqueos,duelos_ter,duelos_ter_ganados,duelos_aereos,aereos_ganados,acciones_agresivas,pressure_regains,acciones_defensivas,acciones_defensivas_campo_rival,dribbled_past,despejes,tiros_bloqueados,carries,carries_prog,deep_progressions,regates,regates_comp,dispossessions,tiros,tiros_puerta,goles,xa_real,xg,np_xg,penaltis_ganados,faltas_ganadas,recibidos_de_espaldas,posicion_principal,pct_toques_en_campo_rival,pct_toques_en_area,pct_pases,pct_pases_prog,pct_pases_ult_tercio,pct_pases_al_area,pct_pases_largos,pct_pases_clave,pct_pases_bajo_presion,pct_regates,pct_duelos_ter,pct_aereos,pct_duelos_total,ratio_intercepciones_vs_entradas,ratio_centros_vs_pases_al_area,ratio_tiros_vs_pases,xg_por_tiro,distancia_media_pases,distancia_media_tiros,posicion_media_x,posicion_media_y,std_posicion_x,std_posicion_y,velocidad_cond_m_s,rel_pases,rel_presiones,rel_carries,rel_duelos,rel_tiros,rel_xg,rel_pases_comp,toques_totales_p90,toques_en_campo_rival_p90,toques_en_area_p90,pases_p90,pases_completados_p90,pases_progresivos_p90,pases_ult_tercio_p90,pases_al_area_p90,pases_largos_p90,pases_clave_p90,asistencias_p90,centros_p90,through_balls_p90,pases_hacia_adelante_p90,pases_bajo_presion_p90,presiones_p90,recuperaciones_p90,intercepciones_p90,bloqueos_p90,duelos_ter_p90,duelos_ter_ganados_p90,duelos_aereos_p90,aereos_ganados_p90,acciones_agresivas_p90,pressure_regains_p90,acciones_defensivas_p90,acciones_defensivas_campo_rival_p90,dribbled_past_p90,despejes_p90,tiros_bloqueados_p90,carries_p90,carries_prog_p90,deep_progressions_p90,regates_p90,regates_comp_p90,dispossessions_p90,tiros_p90,tiros_puerta_p90,goles_p90,xa_real_p90,xg_p90,np_xg_p90,penaltis_ganados_p90,faltas_ganadas_p90,recibidos_de_espaldas_p90,crosses_p90,tackles_p90,challenge_ratio,pct_pases_comp,obv_pass_p90,obv_dribble_carry_p90,obv_defensive_p90,grupo_pos,cluster_fa,grupo_pos_clustering,cluster_final,cluster_alternativo_fa_pam,cluster_mas_cercano_fa_pam,distancia_cluster_asignado_fa_pam,distancia_cluster_alternativo_fa_pam,margen_frontera_fa_pam,score_hibrida_fa_pam,score_anomalia_fa_pam,es_hibrida_fa_pam,es_anomala_fa_pam,tipo_singular_fa_pam
4649.0,Esme Beth Morgan,England Women's,Eurocopa_2025,2,182.92000000000002,278,51,0,96,87,28,7,0,10,0,0,0,0,76,10,11,6,0,4,9,1,7,2,20,1,19,5,1,8,0,70,8,0,0,0,0,0,0,0.0,0.0,0.0,0.0,0,0,0,Left Center Back,0.17935829421650007,0.0,0.9030177126612726,0.29166666666666663,0.06537466287630293,0.0,0.09770209198921204,0.0,0.09770209198921204,,0.11207085064509074,0.30603542532254535,0.19622421459290032,0.0,,0.0,,19.402714197699357,,42.30131566872376,46.81560569334876,19.396230049047883,16.69024498197151,3.2397235816290264,0.08262536484290028,0.03629295907792565,0.07746824356245914,0.10631303116672286,0.0,0.0,0.07522078164567056,136.78110649464247,25.092936802973973,0.0,47.23376339383337,42.805598075661486,13.776514323201397,3.4441285808003492,0.0,4.9201836868576425,0.0,0.0,0.0,0.0,37.393396020118075,4.9201836868576425,5.412202055543407,2.9521102121145857,0.0,1.9680734747430568,4.428165318171878,0.4920183686857642,3.4441285808003492,0.9840367373715284,9.840367373715285,0.4920183686857642,9.348349005029519,2.4600918434288213,0.4920183686857642,3.9361469494861137,0.0,34.44128580800349,3.9361469494861137,0.0,0.0,0.0,0.0,0.0,0.0,0.0,0.0,0.0,0.0,0.0,0.0,0.0,0.0,0.4920183686857642,0.11207085064509074,0.9030177126612726,13.776514323201397,3.9361469494861137,9.348349005029519,CB,1,CB,1,0,1,6.0608,6.1107,0.0082,98.2,94.9,True,True,hibrida_anomala
4984.0,Rachel Corsie,Scotland Women's,Mundial_2019,3,281.0,491,35,7,156,132,68,11,0,34,0,0,0,0,121,20,20,15,2,5,10,6,8,5,32,5,32,5,0,19,0,130,22,0,1,1,0,2,0,0.0,0.0,0.106120485,0.106120485,0,1,0,Right Center Back,0.07652252310424709,0.016069606610725592,0.8460169180364909,0.44719750889679716,0.07048099192227306,0.0,0.2223909789301248,0.0,0.13028370897587976,1.0,0.4436536180308422,0.6109134045077105,0.5551601423487544,0.08509292210359826,,0.014477066034005536,0.0531106051058201,23.194164160969184,11.083353058536742,34.355788793802255,53.863155907712844,18.889727150078752,11.993723821043401,3.2522761958465822,0.11897393099639807,0.04221908972798653,0.11330602391755927,0.10218439079649044,0.06790323160429923,0.041376863358896745,0.1004722102624388,157.25978647686833,11.209964412811388,2.2419928825622777,49.9644128113879,42.27758007117438,21.77935943060498,3.5231316725978647,0.0,10.88967971530249,0.0,0.0,0.0,0.0,38.754448398576514,6.405693950177937,6.405693950177937,4.804270462633452,0.6405693950177935,1.6014234875444842,3.2028469750889683,1.9217081850533808,2.562277580071174,1.6014234875444842,10.249110320284696,1.6014234875444842,10.249110320284696,1.6014234875444842,0.0,6.08540925266904,0.0,41.637010676156585,7.0462633451957295,0.0,0.32028469750889677,0.32028469750889677,0.0,0.6405693950177935,0.0,0.0,0.0,0.033988767437722424,0.033988767437722424,0.0,0.32028469750889677,0.0,0.0,1.9217081850533808,0.4436536180308422,0.8460169180364909,21.77935943060498,7.0462633451957295,10.249110320284696,CB,1,CB,1,0,1,3.6361,3.7479,0.0298,93.4,65.2,True,False,hibrida
5078.0,Alanna Stephanie Kennedy,Australia Women's,Mundial_2019,9,938.87,1830,215,62,588,519,269,62,0,103,2,0,0,1,469,66,38,42,8,18,26,4,64,44,72,5,94,15,4,79,0,476,120,3,1,1,0,12,1,1.0,0.16236709500000002,1.1817257333,1.1817257333,0,3,0,Left Center Back,0.12383453598437735,0.040286069889826935,0.8575407441896354,0.453811841881807,0.10319487171459017,0.0,0.17642499463834818,0.0029543572374735086,0.12958721221945482,1.0,0.15298564944837476,0.700601944024356,0.56942328370131,0.08989516710633585,,0.022711706806733647,0.08630838164727707,23.76753508460818,9.894501592662714,39.50847541522502,50.88612766147286,21.678014254298624,12.16260506203018,2.8958850114541494,0.12334629562461626,0.031894760900632056,0.11944929093232524,0.08961311138416357,0.0771456443713592,0.05049071557352193,0.10741830830439085,175.42364757634178,20.60988209230245,5.943314835919776,56.365631024529485,49.75129677165102,25.786317594555154,5.943314835919776,0.0,9.873571420963499,0.19171983341676696,0.0,0.0,0.09585991670838348,44.95830093623185,6.32675450275331,3.6426768349185727,4.026116501752106,0.7668793336670678,1.7254785007509028,2.4923578344179704,0.3834396668335339,6.135034669336543,4.217836335168873,6.901914003003611,0.4792995835419174,9.010832170588047,1.4378987506257521,0.3834396668335339,7.572933419962295,0.0,45.629320353190536,11.503190005006017,0.28757975012515047,0.09585991670838348,0.09585991670838348,0.0,1.1503190005006019,0.09585991670838348,0.09585991670838348,0.01556449620288219,0.11328013036629139,0.11328013036629139,0.0,0.28757975012515047,0.0,0.0,0.3834396668335339,0.15298564944837476,0.8575407441896354,25.786317594555154,11.503190005006017,9.010832170588047,CB,1,CB,1,0,1,3.9632,3.9854,0.0056,98.8,70.3,True,False,hibrida
10119.0,Glódís Perla Viggósdóttir,Iceland Women's,Eurocopa_2022,6,520.15,682,93,42,222,173,94,34,2,58,1,0,0,0,147,39,48,20,8,11,17,8,28,20,73,3,56,17,2,33,1,139,29,0,1,0,1,8,1,1.0,0.10174167,1.348775981,0.565275981,0,0,1,Right Center Back,0.14100403448514223,0.07293004320332845,0.7846588660764109,0.42140133258873463,0.15257612695277098,0.011030426378611775,0.2662244387620643,0.005767567047966933,0.17709950575588698,0.0,0.4085680412701464,0.7686404562786376,0.6463190563161726,0.1082380082668461,0.0,0.045001949852597777,0.2287186785753138,26.688152546427492,5.440339528105244,38.12270375772974,49.16851056138191,26.03053221443626,14.53759119732222,2.8836123978673984,0.11119605523898175,0.052853533312058665,0.10312190820359941,0.0820227473397408,0.13198344799805917,0.17395417679983302,0.08687627980952958,118.00442180140345,16.091512063827743,7.267134480438336,38.41199653945977,29.933672978948383,16.26453907526675,5.882918388926272,0.34605402287801595,10.035566663462463,0.17302701143900798,0.0,0.0,0.0,25.434970681534175,6.748053446121311,8.305296549072382,3.46054022878016,1.3842160915120638,1.9032971258290878,2.941459194463136,1.3842160915120638,4.844756320292224,3.46054022878016,12.630971835047584,0.5190810343170239,9.689512640584448,2.941459194463136,0.34605402287801595,5.709891377487264,0.17302701143900798,24.05075459002211,5.0177833317312315,0.0,0.17302701143900798,0.0,0.17302701143900798,1.3842160915120638,0.17302701143900798,0.17302701143900798,0.017604057098913776,0.2333746770931462,0.09780801363068346,0.0,0.0,0.17302701143900798,0.0,1.3842160915120638,0.4085680412701464,0.7846588660764109,16.26453907526675,5.0177833317312315,9.689512640584448,CB,1,CB,1,0,1,2.936,2.9632,0.0092,98.0,42.0,True,False,hibrida
25556.0,Kathellen Sousa Feitoza,Brazil Women's,Mundial_2019,5,479.93,743,88,13,227,176,121,22,1,48,0,0,0,0,176,24,44,28,2,7,14,4,22,14,60,5,51,7,12,19,0,183,51,1,3,3,0,2,0,0.0,0.0,0.15605299,0.15605299,0,2,0,Right Center Back,0.10123287710557001,0.01737130470808695,0.7557292904431074,0.5359830304277469,0.07730152205173754,0.004398789638303734,0.23026686923985645,0.0,0.10608513696108544,1.0,0.32212336521298246,0.706524661830644,0.5821960146965878,0.032990922287278006,0.0,0.012905107801339308,0.078026495,24.223408989301863,8.068912788974073,36.349034364477085,52.396854334498414,20.021483349709676,16.32016960237348,3.251812978734119,0.09123679119828283,0.06756209843787825,0.09038804956502712,0.0748555988009768,0.036368940167410775,0.01817881651708147,0.06956143882795109,139.33281936949138,16.50240660096264,2.4378555205967536,42.568707936574086,33.00481320192528,22.690809076323628,4.12560165024066,0.1875273477382118,9.001312691434167,0.0,0.0,0.0,0.0,33.00481320192528,4.500656345717084,8.25120330048132,5.250765736669931,0.3750546954764236,1.3126914341674827,2.6253828683349654,0.7501093909528472,4.12560165024066,2.6253828683349654,11.25164086429271,0.937636738691059,9.563894734648803,1.3126914341674827,2.250328172858542,3.5630196070260247,0.0,34.317504636092764,9.563894734648803,0.1875273477382118,0.5625820432146355,0.5625820432146355,0.0,0.3750546954764236,0.0,0.0,0.0,0.02926420332131769,0.02926420332131769,0.0,0.3750546954764236,0.0,0.0,0.7501093909528472,0.32212336521298246,0.7557292904431074,22.690809076323628,9.563894734648803,9.563894734648803,CB,1,CB,1,0,1,2.3661,2.3883,0.0093,97.9,21.7,True,False,hibrida
49972.0,Martina Lenzini,Italy Women's,Mundial_2023,5,386.43,416,76,2,141,105,77,13,4,25,2,0,3,0,108,20,34,10,2,6,4,3,2,1,40,3,22,11,0,11,0,93,13,2,1,0,1,0,0,0.0,0.167219507,0.0,0.0,0,2,4,Right Center Back,0.17158455022126015,0.006256557511030048,0.736397225563324,0.5227300075572039,0.08770462512236284,0.028012723587707906,0.17613979640867677,0.014206604817418788,0.13968029863158843,0.0,0.5189069831631244,0.5267445017648655,0.6866798490023369,0.04422769736021813,0.7770301386685771,0.0,,21.917552372821184,,38.004850255628966,62.110240240343536,21.710582689928845,13.946225147201776,3.2206823561514537,0.07396896263891611,0.04365381835441498,0.06750354013930832,0.04618020512555099,0.0,0.0,0.05451093054646402,96.88688766400124,17.700489092461765,0.4658023445384675,32.83906528996196,24.454623088269543,17.933390264731,3.0277152395000386,0.931604689076935,5.822529306730844,0.4658023445384675,0.0,0.6987035168077013,0.0,25.153326605077247,4.658023445384675,7.918639857153948,2.3290117226923375,0.4658023445384675,1.3974070336154025,0.931604689076935,0.6987035168077013,0.4658023445384675,0.23290117226923376,9.31604689076935,0.6987035168077013,5.123825789923142,2.561912894961571,0.0,2.561912894961571,0.0,21.65980902103874,3.0277152395000386,0.4658023445384675,0.23290117226923376,0.0,0.23290117226923376,0.0,0.0,0.0,0.038945619206583335,0.0,0.0,0.0,0.4658023445384675,0.931604689076935,0.6987035168077013,0.6987035168077013,0.5189069831631244,0.736397225563324,17.933390264731,3.0277152395000386,5.123825789923142,CB,0,CB,0,1,0,3.315,3.3527,0.0113,97.5,50.7,True,False,hibrida
182466.0,Lauren Eduarda Leal Costa,Brazil Women's,Mundial_2023,2,195.68,336,72,5,112,92,64,15,0,21,0,0,0,0,95,14,13,7,1,4,4,0,12,9,18,0,16,1,0,11,0,84,21,2,1,1,0,1,0,0.0,0.0,0.042497,0.042497,0,1,0,Right Center Back,0.18052484640254146,0.011394775806059534,0.770787269603812,0.5731900080137804,0.14570817859215673,0.0,0.18672937149397106,0.0,0.13270628506028945,1.0,0.0,0.7576509753533466,0.5843213409648406,0.03529085387221119,,0.006836865483635721,0.042497,24.359583718343274,0.42426406871192446,38.20356529874109,53.78705452181536,20.45504332501382,12.496260699134353,2.9753664146714605,0.10534879617061742,0.03450242407724011,0.09578027018608179,0.05177362954715471,0.015331152902698283,0.006047380907807631,0.08317544753315917,154.53802125919867,33.11529026982829,2.2996729354047423,51.51267375306623,42.31398201144726,29.435813573180702,6.899018806214228,0.0,9.658626328699917,0.0,0.0,0.0,0.0,43.693785772690106,6.439084219133279,5.97914963205233,3.2195421095666394,0.4599345870809485,1.839738348323794,1.839738348323794,0.0,5.519215044971382,4.139411283728537,8.278822567457073,0.0,7.358953393295176,0.4599345870809485,0.0,5.059280457890433,0.0,38.63450531479967,9.658626328699917,0.919869174161897,0.4599345870809485,0.4599345870809485,0.0,0.4599345870809485,0.0,0.0,0.0,0.01954584014717907,0.01954584014717907,0.0,0.4599345870809485,0.0,0.0,0.0,0.0,0.770787269603812,29.435813573180702,9.658626328699917,7.358953393295176,CB,0,CB,0,1,0,3.3433,3.497,0.044,90.2,52.9,True,False,hibrida
401808.0,Fabiola Villalobos Morales,Costa Rica Women's,Mundial_2023,3,290.43,467,38,13,137,95,64,14,1,30,1,0,0,0,101,9,42,18,4,10,4,1,3,2,50,8,36,5,7,30,0,99,30,0,1,1,0,4,1,0.0,0.1361605,0.335009534,0.335009534,0,4,1,Right Center Back,0.08420754895351637,0.033737931559021335,0.5705090851031156,0.5514408699879654,0.10862435266821256,0.008694005440209346,0.27680654704094854,0.008694005440209346,0.09784587313258246,1.0,0.16256929380573634,0.7507522567703109,0.3261198911958131,0.07373245755279698,0.0,0.03477602176083738,0.0837523835,26.655876847905805,7.945204310404863,31.641478120017283,53.64670581764631,18.903642129893758,12.756523173688505,2.9081689671328346,0.12164499549927535,0.0671445540687381,0.11150145887224203,0.04456074506190446,0.08694005440209344,0.050665152039002924,0.07379025231025924,144.71645491168266,11.77564301208553,4.028509451502943,42.45429191199256,29.439107530213818,19.832661915091414,4.3383947939262475,0.30988534242330334,9.296560272699102,0.30988534242330334,0.0,0.0,0.0,31.29841958475364,2.78896808180973,13.015184381778742,5.57793616361946,1.2395413696932134,3.098853424233034,1.2395413696932134,0.30988534242330334,0.92965602726991,0.6197706848466067,15.494267121165167,2.4790827393864268,11.15587232723892,1.549426712116517,2.1691973969631237,9.296560272699102,0.0,30.678648899907035,9.296560272699102,0.0,0.30988534242330334,0.30988534242330334,0.0,1.2395413696932134,0.30988534242330334,0.0,0.0421941431670282,0.1038145441586613,0.1038145441586613,0.0,1.2395413696932134,0.30988534242330334,0.0,0.30988534242330334,0.16256929380573634,0.5705090851031156,19.832661915091414,9.296560272699102,11.15587232723892,CB,0,CB,0,1,0,3.7365,3.7487,0.0033,99.3,67.4,True,False,hibrida
402119.0,Bongeka Gamede,South Africa Women's,Mundial_2023,4,391.0,501,129,4,99,58,59,13,0,26,1,0,0,0,79,15,129,35,5,10,27,13,11,4,161,5,77,45,3,20,0,83,10,0,6,2,4,2,0,0.0,0.029318942,0.134701767,0.134701767,0,2,6,Left Center Back,0.22783098244826339,0.00845694799658994,0.5747524427831333,0.6073709751459112,0.14141255164273067,0.0,0.27759197324414714,0.009718670076726343,0.14966227293593024,0.6180904522613065,0.4602849835586409,0.42710997442455245,0.45203994641334794,0.03614191539816838,,0.01830939733753033,0.06687896444,23.051378683996333,6.477948333521783,42.04506545253214,47.32800498001525,20.506575925926665,17.56447761514698,3.217825132960826,0.07820819380062656,0.13373448593940981,0.0882397265196482,0.1526114517340277,0.04105187225391829,0.02804211348931689,0.04541852341316391,115.31969309462916,29.69309462915601,0.9207161125319694,22.787723785166243,13.350383631713555,13.580562659846546,2.9923273657289005,0.0,5.984654731457801,0.23017902813299235,0.0,0.0,0.0,18.184143222506396,3.452685421994885,29.69309462915601,8.05626598465473,1.1508951406649617,2.3017902813299234,6.2148337595907925,2.9923273657289005,2.5319693094629154,0.9207161125319694,37.05882352941176,1.1508951406649617,17.72378516624041,10.358056265984654,0.690537084398977,4.603580562659847,0.0,19.104859335038363,2.3017902813299234,0.0,1.381074168797954,0.4603580562659847,0.9207161125319694,0.4603580562659847,0.0,0.0,0.006748605575447571,0.031005521815856776,0.031005521815856776,0.0,0.4603580562659847,1.381074168797954,0.0,2.9923273657289005,0.4602849835586409,0.5747524427831333,13.580562659846546,2.3017902813299234,17.72378516624041,CB,1,CB,1,0,1,8.9685,9.0313,0.007,98.5,99.3,True,True,hibrida_anomala
10088.0,Katrine Veje,Denmark Women's,Eurocopa_2022,10,933.0,1800,610,1,623,451,276,72,40,95,4,1,16,0,431,67,100,85,16,16,25,11,18,12,141,7,142,55,4,32,0,445,131,22,11,4,7,4,2,0.0,0.347683906,0.201355281,0.201355281,0,8,38,Left Back,0.31069437076516765,0.00039681565662763965,0.6962772625321958,0.43959909401959785,0.10586597215244792,0.07167994098652414,0.16082041708237907,0.00448879732813401,0.11467180083220647,0.2893827160493827,0.4514396723319553,0.6549463647199046,0.5712973681076575,0.12513052912827585,0.43896391568417287,0.004467887809048977,0.04087068000352733,20.269556417644186,15.112464772612709,48.56251140680701,64.42424482764426,25.310537239809264,12.488618953451674,3.4776645129045325,0.14491111833541892,0.056942312052566765,0.1380239880230739,0.06429566679743136,0.023740404684726907,0.010287404469435026,0.10175638476804585,173.63344051446947,58.842443729903536,0.09646302250803858,60.09646302250804,43.5048231511254,26.623794212218648,6.945337620578779,3.8585209003215435,9.163987138263666,0.3858520900321543,0.09646302250803858,1.5434083601286173,0.0,41.575562700964625,6.463022508038585,9.646302250803858,8.19935691318328,1.5434083601286173,1.5434083601286173,2.4115755627009645,1.0610932475884245,1.7363344051446947,1.157556270096463,13.60128617363344,0.6752411575562701,13.697749196141478,5.305466237942122,0.3858520900321543,3.0868167202572345,0.0,42.926045016077175,12.636655948553054,2.122186495176849,1.0610932475884245,0.3858520900321543,0.6752411575562701,0.3858520900321543,0.19292604501607716,0.0,0.03353864045016077,0.019423339003215433,0.019423339003215433,0.0,0.7717041800643086,3.665594855305466,1.5434083601286173,1.0610932475884245,0.4514396723319553,0.6962772625321958,26.623794212218648,12.636655948553054,13.697749196141478,LAT,1,LAT,1,0,1,3.8665,4.0804,0.0524,88.4,88.1,True,False,hibrida
10117.0,Sakina Karchaoui,France Women's,Mundial_2019,14,1186.68,2663,1370,45,787,612,302,102,31,106,11,4,29,2,476,100,148,106,24,36,49,19,40,22,221,23,215,112,7,22,0,666,152,37,32,15,17,12,7,3.0,2.117774563,2.641455567,0.290955567,0,27,138,Left Back,0.5160857477292109,0.01783527482838274,0.7688948578215654,0.3859429991066586,0.13296642579640952,0.040881281355506824,0.1371919854865139,0.014561411348257476,0.1316221716615002,0.4253692005423492,0.346584404199139,0.5951032596388661,0.5200714986758334,0.11287145059882711,1.057487847476672,0.018791340742871587,0.22399108170055948,18.685053936514723,14.552402976427253,60.75585291930787,61.21542482524782,25.94302330907445,11.922372609326105,3.445966378709777,0.11816165395263986,0.07996406538963816,0.12436776532136024,0.11188085069397175,0.04778783083496655,0.054244873186149206,0.09100009120798774,201.96683183335017,103.9033269289109,3.4128830013145914,59.68753160076853,46.415208817878444,22.904237031044595,7.735868136313075,2.3510971786833856,8.039235514207705,0.8342602892102335,0.3033673778946304,2.19941348973607,0.1516836889473152,36.100717969461016,7.58418444736576,11.224592982101324,8.039235514207705,1.8202042673677823,2.7303064010516733,3.716250379209222,1.4409950449994942,3.0336737789463037,1.668520578420467,16.76104762867833,1.7443624228941248,16.305996561836384,8.49428658104965,0.5308929113156031,1.668520578420467,0.0,50.51066841945596,11.527960359995953,2.806148245525331,2.4269390231570434,1.137627667104864,1.2893113560521792,0.9101021336838911,0.5308929113156031,0.2275255334209728,0.1606159290373142,0.20033286229649103,0.022066606861158865,0.0,2.047729800788755,10.466174537364749,2.19941348973607,1.4409950449994942,0.346584404199139,0.7688948578215654,22.904237031044595,11.527960359995953,16.305996561836384,LAT,1,LAT,1,0,1,5.3086,5.3331,0.0046,99.0,97.8,True,True,hibrida_anomala
10376.0,Carolin Simon,Germany Women's,Mundial_2019,4,186.5,473,295,4,164,126,59,15,27,29,7,0,11,1,84,12,37,11,1,6,7,5,3,2,45,2,25,25,0,5,0,109,16,4,1,0,1,1,0,0.0,0.78461344,0.03858234,0.03858234,0,1,20,Left Back,0.6174655775994989,0.008406548303449527,0.7685322750727351,0.34899370146686515,0.0909233069964762,0.16924897170685257,0.17654703172473118,0.043863142410281324,0.07169882520742238,0.0,0.7966934763181411,0.47368421052631576,0.7520107238605898,0.020210352650030936,0.40361717519894463,0.006408160596351272,0.03858234,20.104745250373117,12.070211265756702,69.85354327130854,66.87737449228307,26.429405043956084,13.998677218952519,3.336862721999957,0.07579539552046484,0.06931957288713791,0.056392746477102795,0.052806377586368455,0.011423242802191398,0.00219762862988497,0.05793664834434608,228.2573726541555,142.3592493297587,1.9302949061662198,79.14209115281501,60.80428954423593,28.471849865951743,7.238605898123324,13.029490616621985,13.994638069705093,3.3780160857908843,0.0,5.3083109919571045,0.48257372654155495,40.53619302949062,5.79088471849866,17.855227882037532,5.3083109919571045,0.48257372654155495,2.89544235924933,3.3780160857908843,2.4128686327077746,1.447721179624665,0.9651474530831099,21.715817694369974,0.9651474530831099,12.064343163538874,12.064343163538874,0.0,2.4128686327077746,0.0,52.600536193029484,7.721179624664879,1.9302949061662198,0.48257372654155495,0.0,0.48257372654155495,0.48257372654155495,0.0,0.0,0.3786338316353887,0.018618823592493297,0.018618823592493297,0.0,0.48257372654155495,9.651474530831099,5.3083109919571045,2.4128686327077746,0.7966934763181411,0.7685322750727351,28.471849865951743,7.721179624664879,12.064343163538874,LAT,0,LAT,0,1,0,7.0076,7.369,0.049,89.1,100.0,True,True,hibrida_anomala
25557.0,Deneisha Selena Blackwood,Jamaica Women's,Mundial_2019,7,665.0,911,255,5,278,155,159,51,27,65,6,0,8,0,233,34,113,59,15,21,24,12,7,5,152,11,119,32,15,31,0,173,50,8,12,6,6,4,1,0.0,0.30093742300000004,0.1497061905,0.1497061905,0,2,11,Left Back,0.267784363318791,0.005013475307855325,0.5490583112675267,0.5814849146909161,0.18475419021265094,0.09100457234109843,0.24191759878054334,0.022414237564354237,0.12226247559599808,0.568476357267951,0.5176369495166488,0.7890625,0.5756534192624418,0.11006180765094178,0.2492230576441103,0.014644468313641247,0.03707189518324607,22.867362389794263,16.88674681041364,45.93068754249627,64.81550402764609,25.797309734840567,13.615774460766595,3.372205340077495,0.1264409956552909,0.08011651112228012,0.10064600896194405,0.09390708439206262,0.06052631578947367,0.05940502086426283,0.06917982054291091,123.29323308270676,34.51127819548872,0.6766917293233082,37.62406015037594,20.977443609022554,21.518796992481203,6.902255639097744,3.654135338345865,8.796992481203008,0.81203007518797,0.0,1.0827067669172934,0.0,31.533834586466167,4.601503759398496,15.293233082706768,7.984962406015038,2.0300751879699246,2.8421052631578947,3.24812030075188,1.62406015037594,0.9473684210526315,0.6766917293233082,20.57142857142857,1.488721804511278,16.105263157894736,4.330827067669174,2.0300751879699246,4.195488721804511,0.0,23.413533834586467,6.7669172932330826,1.0827067669172934,1.62406015037594,0.81203007518797,0.81203007518797,0.5413533834586467,0.13533834586466167,0.0,0.04072837303759399,0.020260988187969925,0.020260988187969925,0.0,0.27067669172932335,1.488721804511278,1.0827067669172934,1.62406015037594,0.5176369495166488,0.5490583112675267,21.518796992481203,6.7669172932330826,16.105263157894736,LAT,1,LAT,1,0,1,3.9042,4.0916,0.0458,89.8,89.6,True,False,hibrida
30969.0,Elisa De Almeida,France Women's,Mundial_2023,6,795.94,1134,386,20,402,328,182,44,14,71,6,0,8,1,293,29,54,26,11,12,20,5,18,13,85,2,69,33,4,29,1,259,64,8,9,5,4,7,1,0.0,0.569302276,0.26371054,0.26371054,0,3,26,Right Back,0.40848793139346595,0.017745186397411447,0.7839217227556051,0.4597938750537275,0.12490431194237452,0.0395359056102755,0.15243881011798538,0.014391260200921711,0.06301970838022257,0.5098854157647126,0.34340236646106503,0.8427854695915101,0.6597576450486218,0.09897794072009464,0.6427713799174531,0.017839663626082178,0.04433594138688217,21.050107758932807,9.80710719768204,55.41482723728619,65.50424802915289,26.63013379810308,11.481277169755879,3.3170351186954834,0.12003224488562883,0.054006798557249804,0.08723325081085435,0.07248897371379888,0.05224098207284753,0.011316483151216207,0.09520032081117563,128.22574565922054,43.646506018041556,2.2614769957534486,45.45568761464432,37.088222730356556,20.579440661356383,4.975249390657587,1.583033897027414,8.028243334924742,0.6784430987260346,0.0,0.9045907983013795,0.11307384978767243,33.13063798778803,3.2791416438425003,6.105987888534311,2.939920094479483,1.2438123476643967,1.3568861974520692,2.2614769957534486,0.5653692489383622,2.0353292961781038,1.4699600472397416,9.611277231952156,0.22614769957534486,7.802095635349398,3.73143704299319,0.4522953991506897,3.2791416438425003,0.11307384978767243,29.28612709500716,7.236726386411036,0.9045907983013795,1.0176646480890519,0.5653692489383622,0.4522953991506897,0.791516948513707,0.11307384978767243,0.0,0.06437320004020404,0.029818765987385983,0.029818765987385983,0.0,0.3392215493630173,2.939920094479483,0.9045907983013795,0.5653692489383622,0.34340236646106503,0.7839217227556051,20.579440661356383,7.236726386411036,7.802095635349398,LAT,1,LAT,1,0,1,2.9413,3.0306,0.0295,93.4,63.0,True,False,hibrida
106836.0,Michelle Alozie,Nigeria Women's,Mundial_2023,4,427.0,548,234,22,157,100,78,24,12,30,2,0,5,0,110,18,59,20,4,3,19,5,11,1,82,6,46,27,1,14,0,106,34,10,12,6,6,7,0,0.0,0.210207506,1.265705112,0.48220511200000005,0,4,25,Right Back,0.4165804331644972,0.04354364696698352,0.6000848070833366,0.5125397776342714,0.1645866238222319,0.06914072529507419,0.1999951372085243,0.012019069923051188,0.10693317357442406,0.43221202854230373,0.2756132756132756,0.05541125541125541,0.19245791245791247,0.06354410616705698,0.30682976554536184,0.049660966178312727,0.14040654070725997,22.167847761545243,9.321565253801715,54.303238455591185,61.84545558202279,30.285680082982807,16.441610600451984,3.3085493124316625,0.10807595943984291,0.07439436143368104,0.08813971241550199,0.10069377190047718,0.1283057640862345,0.20511286377665386,0.06627231025318286,115.50351288056207,49.3208430913349,4.6370023419203745,33.09133489461359,21.07728337236534,16.440281030444964,5.058548009367682,2.529274004683841,6.323185011709602,0.4215456674473068,0.0,1.053864168618267,0.0,23.185011709601874,3.793911007025761,12.43559718969555,4.215456674473068,0.8430913348946136,0.6323185011709602,4.004683840749415,1.053864168618267,2.3185011709601873,0.2107728337236534,17.283372365339577,1.2646370023419204,9.695550351288055,5.690866510538641,0.2107728337236534,2.9508196721311477,0.0,22.34192037470726,7.166276346604216,2.107728337236534,2.529274004683841,1.2646370023419204,1.2646370023419204,1.4754098360655739,0.0,0.0,0.04430603170960187,0.2667762531147541,0.10163573789227166,0.0,0.8430913348946136,5.269320843091335,1.053864168618267,1.053864168618267,0.2756132756132756,0.6000848070833366,16.440281030444964,7.166276346604216,9.695550351288055,LAT,0,LAT,0,1,0,3.9736,4.1255,0.0368,91.8,92.6,True,True,hibrida_anomala
135326.0,Sarai Linder,Germany Women's,Eurocopa_2025,4,299.9,556,267,10,192,159,56,12,7,29,2,0,11,0,82,31,47,17,4,10,10,6,4,2,61,4,41,24,2,7,0,123,21,1,0,0,0,2,1,0.0,0.154270825,0.035970063999999996,0.035970063999999996,0,2,39,Left Back,0.46168760887347776,0.01870052286015213,0.8168365601157664,0.3050953524822173,0.06196949212545608,0.03282413192634839,0.16900630427151847,0.009507673729080865,0.16259201817910066,,0.5798599533177726,0.3454231433506044,0.5540180060020007,0.057485828609536514,2.4375,0.009012013013346792,0.017985031999999998,20.722822792219667,17.82952616347992,57.919613593914335,66.16849594729953,26.344474256299996,14.03956817173815,3.1988595163306974,0.10971842667579242,0.09001266305992882,0.08709525947818718,0.07752732834426733,0.02469959122176528,0.004456671185163105,0.09010445463759138,166.8556185395132,80.12670890296766,3.0010003334444817,57.61920640213405,47.715905301767265,16.8056018672891,3.601200400133378,2.1007002334111373,8.702900966988997,0.6002000666888964,0.0,3.3011003667889294,0.0,24.60820273424475,9.303101033677894,14.104701567189066,5.101700566855619,1.2004001333777927,3.0010003334444817,3.0010003334444817,1.800600200066689,1.2004001333777927,0.6002000666888964,18.30610203401134,1.2004001333777927,12.304101367122374,7.202400800266756,0.6002000666888964,2.1007002334111373,0.0,36.91230410136713,6.302100700233412,0.3001000333444482,0.0,0.0,0.0,0.6002000666888964,0.3001000333444482,0.0,0.04629667972657553,0.010794617405801933,0.010794617405801933,0.0,0.6002000666888964,11.703901300433479,3.3011003667889294,1.800600200066689,0.5798599533177726,0.8168365601157664,16.8056018672891,6.302100700233412,12.304101367122374,LAT,0,LAT,0,1,0,6.3468,6.6484,0.0454,89.9,99.3,True,True,hibrida_anomala
182764.0,Hanna Lundkvist,Sweden Women's,Eurocopa_2025,3,219.93,456,223,3,153,110,81,22,7,16,2,0,4,0,114,14,36,16,3,10,11,5,2,0,50,2,40,32,1,7,0,103,29,5,0,0,0,0,0,0.0,0.23732820999999998,0.0,0.0,0,4,21,Right Back,0.4689344679677573,0.006930952231729752,0.7193473524230021,0.5256879017409407,0.13650705736569266,0.04488170478485579,0.1013331174861803,0.011755634368511195,0.09437420265904878,,0.530971975931736,0.0,0.4876080701002267,0.061659797030142155,0.6457286432160805,0.0,,17.586222682202095,,56.60937548977902,70.29261883448355,25.91779794223598,9.242365179834218,3.4060238216040366,0.11679521501228526,0.08334712732365464,0.09895057396629511,0.10454267588355708,0.0,0.0,0.08391843489377614,186.60482880916655,91.2563088255354,1.2276633474287273,62.610830718865095,45.014322739053334,33.14691038057563,9.002864547810667,2.86454781066703,6.547537852953213,0.8184422316191516,0.0,1.6368844632383033,0.0,46.65120720229164,5.72909562133406,14.731960169144728,6.547537852953213,1.2276633474287273,4.092211158095758,4.501432273905333,2.046105579047879,0.8184422316191516,0.0,20.461055790478788,0.8184422316191516,16.36884463238303,13.095075705906426,0.4092211158095758,2.86454781066703,0.0,42.1497749283863,11.867412358477697,2.046105579047879,0.0,0.0,0.0,0.0,0.0,0.0,0.0971197149092893,0.0,0.0,0.0,1.6368844632383033,8.593643432001091,1.6368844632383033,2.046105579047879,0.530971975931736,0.7193473524230021,33.14691038057563,11.867412358477697,16.36884463238303,LAT,1,LAT,1,0,1,3.639,3.7963,0.0414,90.8,83.0,True,False,hibrida
276299.0,Demi Vance,Northern Ireland,Eurocopa_2022,3,279.0,297,117,3,87,46,47,16,12,17,0,0,2,0,64,9,33,7,6,9,3,1,4,2,42,0,25,18,4,5,0,55,20,3,7,2,5,0,0,0.0,0.0,0.0,0.0,0,2,10,Left Wing Back,0.3553556391165509,0.00782759013609696,0.5255778024966011,0.5529971573353109,0.17985415894203435,0.12384748485972066,0.19777530589543937,0.0,0.10521567173402546,0.2857142857142857,0.2554347826086957,0.34057971014492755,0.3065217391304348,0.1484041645331968,0.17025089605734767,0.0,,21.037081623817823,,51.45423178078486,66.79979748964983,29.70143555957089,10.980601699115525,3.988764240129055,0.10403312224210495,0.06460631742412025,0.08110705732171468,0.02303863002787734,0.0,0.0,0.05515569074167598,95.80645161290322,37.74193548387097,0.967741935483871,28.06451612903226,14.838709677419356,15.161290322580646,5.161290322580645,3.870967741935484,5.483870967741935,0.0,0.0,0.6451612903225806,0.0,20.64516129032258,2.903225806451613,10.645161290322582,2.2580645161290325,1.935483870967742,2.903225806451613,0.967741935483871,0.3225806451612903,1.2903225806451613,0.6451612903225806,13.548387096774194,0.0,8.064516129032258,5.806451612903226,1.2903225806451613,1.6129032258064515,0.0,17.741935483870968,6.451612903225806,0.967741935483871,2.2580645161290325,0.6451612903225806,1.6129032258064515,0.0,0.0,0.0,0.0,0.0,0.0,0.0,0.6451612903225806,3.225806451612903,0.6451612903225806,0.3225806451612903,0.2554347826086957,0.5255778024966011,15.161290322580646,6.451612903225806,8.064516129032258,LAT,0,LAT,0,1,0,3.9778,4.0133,0.0088,98.0,93.3,True,True,hibrida_anomala
5084.0,Denise O'Sullivan,Republic of Ireland Women's,Mundial_2023,3,291.0,570,286,16,111,85,28,5,2,11,1,0,2,1,51,43,126,24,5,1,22,9,11,2,153,3,52,58,4,0,0,109,14,4,3,1,2,4,0,0.0,0.017099617,0.209685924,0.209685924,0,1,17,Right Defensive Midfield,0.4951229397882983,0.0273030866400005,0.7532646628391311,0.2544185522908927,0.04460767758640099,0.018518518518518517,0.09582911178655859,0.011904761904761904,0.384864347630305,0.33333333333333326,0.43148148148148147,0.13888888888888887,0.36630036630036633,0.034886065739060286,1.0,0.040160981650343354,0.05646601416666667,16.478380630302265,8.835038978499663,62.67248316277443,52.506546520041674,22.220885021036228,17.498672321285113,3.2646245285660775,0.09274108773970995,0.18512288194518098,0.13151832321295406,0.17233827493261455,0.15132275132275133,0.10672231968521087,0.0692001418613433,176.28865979381442,88.45360824742268,4.948453608247423,34.329896907216494,26.288659793814436,8.659793814432991,1.5463917525773196,0.6185567010309279,3.402061855670103,0.30927835051546393,0.0,0.6185567010309279,0.30927835051546393,15.773195876288659,13.29896907216495,38.96907216494846,7.422680412371134,1.5463917525773196,0.30927835051546393,6.804123711340206,2.783505154639175,3.402061855670103,0.6185567010309279,47.31958762886598,0.9278350515463918,16.082474226804123,17.938144329896907,1.2371134020618557,0.0,0.0,33.71134020618557,4.3298969072164954,1.2371134020618557,0.9278350515463918,0.30927835051546393,0.6185567010309279,1.2371134020618557,0.0,0.0,0.005288541340206186,0.06485131670103093,0.06485131670103093,0.0,0.30927835051546393,5.257731958762887,0.6185567010309279,2.783505154639175,0.43148148148148147,0.7532646628391311,8.659793814432991,4.3298969072164954,16.082474226804123,MCD,0,MCD,0,1,0,5.7563,5.7911,0.006,98.7,98.9,True,True,hibrida_anomala
6811.0,Julie Beth Ertz,United States Women's,Mundial_2019,10,920.63,1298,463,79,386,298,196,87,6,83,1,0,2,4,283,36,69,41,7,19,33,11,46,27,109,5,100,48,9,53,0,315,71,7,6,5,1,21,5,1.0,0.050422024,1.478819849,1.478819849,0,5,18,Center Defensive Midfield,0.3354413075747951,0.05887362625629878,0.7287074320681972,0.5109150502874992,0.2204254129291369,0.01201448729228619,0.22460618939853774,0.0032246939595711632,0.11974936672032913,0.7346961572832886,0.37646214480342544,0.6216217550629854,0.5504412796497309,0.15101033087629223,0.08392948390393459,0.057897089025827866,0.06524248894130107,23.64486597327461,10.441677893211672,52.191796400251384,47.77471513100278,23.911805991593397,15.609591706383378,3.569149466549089,0.08309574381049442,0.050581833540644584,0.07904495758188806,0.08950808962330561,0.11401546938125767,0.06594945575267433,0.061941740088990546,126.89136786765584,45.262483299479705,7.722972312438222,37.735029273432325,29.132224672235317,19.160792066302424,8.505045458001586,0.5865548591725231,8.114008885219905,0.09775914319542052,0.0,0.19551828639084104,0.3910365727816821,27.66583752430401,3.519329155035139,6.745380880484016,4.0081248710122415,0.6843140023679437,1.85742372071299,3.226051725448878,1.0753505751496257,4.4969205869893445,2.639496866276354,10.655746608300838,0.48879571597710264,9.775914319542052,4.692438873380185,0.8798322887587847,5.181234589357288,0.0,30.794130106557468,6.940899166874858,0.6843140023679437,0.5865548591725231,0.48879571597710264,0.09775914319542052,2.052942007103831,0.48879571597710264,0.09775914319542052,0.004929213864418931,0.14456816137862116,0.14456816137862116,0.0,0.48879571597710264,1.7596645775175694,0.19551828639084104,1.0753505751496257,0.37646214480342544,0.7287074320681972,19.160792066302424,6.940899166874858,9.775914319542052,MCD,0,MCD,0,1,0,4.1755,4.2051,0.007,98.4,94.4,True,True,hibrida_anomala
25466.0,Vilde Bøe Risa,Norway Women's,Mundial_2019,15,1015.83,2011,871,9,620,493,275,119,32,103,8,5,9,1,388,114,173,71,12,22,35,11,31,17,220,12,140,126,11,31,0,466,75,6,11,6,5,9,2,0.0,1.161688885,0.281232266,0.281232266,0,7,61,Right Defensive Midfield,0.433200310076478,0.005070461957274732,0.7862852006088881,0.4376370949849587,0.18594443326774002,0.048839177292037066,0.15794406090244487,0.012018993306166138,0.19436708359020513,0.5928348071685553,0.30698373603651885,0.5163437819511435,0.41875448978893715,0.057409926953618726,0.37328888554605244,0.014029189712162283,0.031898705525804094,20.15572497275566,16.738276820766263,55.75905327451778,48.80600585028191,21.29703946427925,17.836826651276702,3.061327516272944,0.10023598861216251,0.07983771432706047,0.09934105901444512,0.09216318256013693,0.04182093995824894,0.010629375505238715,0.0799560506206745,178.16957561796755,77.16842385044741,0.7973775139541064,54.930450961282894,43.678568264374945,24.364312926375472,10.543102684504296,2.8351200496146003,9.125542659696995,0.7087800124036501,0.44298750775228135,0.7973775139541064,0.08859750155045626,34.375830601577036,10.100115176752015,15.327367768228935,6.290422610082396,1.0631700186054753,1.949145034110038,3.1009125542659697,0.974572517055019,2.7465225480641444,1.5061575263577567,19.49145034110038,1.0631700186054753,12.403650217063879,11.16328519535749,0.974572517055019,2.7465225480641444,0.0,41.28643572251263,6.644812616284221,0.5315850093027377,0.974572517055019,0.5315850093027377,0.44298750775228135,0.7973775139541064,0.17719500310091252,0.0,0.10292273278993533,0.024916476122973333,0.024916476122973333,0.0,0.6201825108531939,5.4044475945778325,0.7973775139541064,0.974572517055019,0.30698373603651885,0.7862852006088881,24.364312926375472,6.644812616284221,12.403650217063879,MCD,1,MCD,1,2,1,2.5566,2.6337,0.0293,93.5,61.8,True,False,hibrida
25478.0,Lena Oberdorf,Germany Women's,Mundial_2019,11,925.52,1415,662,38,374,264,188,68,9,65,7,1,5,1,260,76,174,70,24,16,54,26,43,30,252,12,164,133,13,25,0,286,55,11,20,12,8,7,2,0.0,0.544588349,0.35144182599999996,0.35144182599999996,1,22,28,Center Defensive Midfield,0.4633975215740261,0.026253187289976995,0.6693917922777116,0.5293003377368759,0.1925144528490657,0.029335623253280454,0.17796866592999766,0.022035029619101844,0.18806504226497386,0.5361643998336997,0.44832946419615094,0.610566672429193,0.6070940230966486,0.10959450698574282,0.5847750865051903,0.017059964105685537,0.043588998526559335,20.480589103981753,7.91181173052213,58.8776151674419,42.568227399990995,22.0969272185316,19.77011963906662,3.5106662984534736,0.07674594046187,0.10543594680308783,0.0758125369931406,0.12594929104004737,0.0496762378428901,0.02212958593760751,0.0525499472078848,137.59832310484916,64.37462183421212,3.695219984441179,36.368744057394764,25.672054628749247,18.281614659866886,6.61249891952632,0.8751836805255423,6.320771026017806,0.680698418186533,0.09724263116950471,0.48621315584752356,0.09724263116950471,25.283084104071225,7.390439968882358,16.920217823493818,6.80698418186533,2.333823148068113,1.5558820987120754,5.251102083153254,2.5283084104071225,4.181433140288703,2.9172789350851414,24.50514305471519,1.1669115740340565,15.947791511798775,12.933269945544128,1.2641542052035613,2.431065779237618,0.0,27.811392514478346,5.348344714322759,1.0696689428645518,1.9448526233900942,1.1669115740340565,0.7779410493560377,0.680698418186533,0.19448526233900942,0.0,0.052957203961016504,0.034175127863255245,0.034175127863255245,0.09724263116950471,2.1393378857291037,2.722793672746132,0.48621315584752356,2.5283084104071225,0.44832946419615094,0.6693917922777116,18.281614659866886,5.348344714322759,15.947791511798775,MCD,2,MCD,2,0,2,2.0153,2.1136,0.0465,89.7,44.9,True,False,hibrida
25549.0,Tameka Yallop,Australia Women's,Mundial_2019,5,326.0,446,262,25,100,70,51,18,5,24,2,0,6,0,68,19,51,15,5,7,6,5,5,4,62,1,33,39,6,9,0,97,11,3,3,0,3,7,2,1.0,0.133665221,1.008187393,0.224687393,0,6,25,Center Defensive Midfield,0.5737034479092771,0.06088905055937041,0.6883541601877242,0.5500197902236295,0.17211557490599644,0.07865977778406039,0.2684989115377004,0.02026801617143988,0.17903791241412453,0.0,0.6088925483738163,0.8427672955974842,0.805725971370143,0.07579840538365884,1.0,0.09892779395550026,0.1117972617146974,23.137388025387885,11.417465450867388,64.7829892692137,42.103643324632735,26.488192680946398,20.175239569311895,3.803693951816047,0.05311165728261627,0.09354719291719676,0.06328233024384691,0.057746100485183846,0.13717555450684285,0.04683914368808744,0.03757001709675142,123.12883435582823,72.33128834355828,6.901840490797547,27.607361963190186,19.32515337423313,14.079754601226995,4.969325153374233,1.3803680981595092,6.625766871165645,0.5521472392638037,0.0,1.6564417177914113,0.0,18.773006134969325,5.245398773006134,14.079754601226995,4.141104294478527,1.3803680981595092,1.932515337423313,1.6564417177914113,1.3803680981595092,1.3803680981595092,1.1042944785276074,17.116564417177916,0.27607361963190186,9.110429447852761,10.766871165644172,1.6564417177914113,2.4846625766871164,0.0,26.779141104294478,3.03680981595092,0.8282208588957056,0.8282208588957056,0.0,0.8282208588957056,1.932515337423313,0.5521472392638037,0.27607361963190186,0.0369014413803681,0.27833394285276075,0.06203026187116564,0.0,1.6564417177914113,6.901840490797547,1.6564417177914113,1.3803680981595092,0.6088925483738163,0.6883541601877242,14.079754601226995,3.03680981595092,9.110429447852761,MCD,0,MCD,0,1,0,4.0263,4.0398,0.0033,99.3,91.0,True,True,hibrida_anomala
25615.0,Flavia Lorena Benítez,Argentina Women's,Mundial_2019,5,391.63,657,228,1,176,136,75,31,6,37,0,0,0,3,124,40,85,25,4,15,7,2,3,1,96,4,51,37,11,8,0,148,17,6,7,6,1,4,1,0.0,0.0,0.0544775985,0.0544775985,0,2,7,Center Defensive Midfield,0.3257119051387812,0.0013534577147019974,0.7512086503632868,0.4627392167497358,0.1925361580654397,0.03588095141673538,0.23551525679572502,0.0,0.22667841158567753,0.9269826616276722,0.21005106309321178,0.31526659455994877,0.2596404427391359,0.04590849624652539,0.0,0.02002942367275337,0.014406407946428572,22.69872198690113,23.094408534100282,50.285120793258166,45.170641301717126,21.003347831230812,18.262918646842717,3.2285000203706935,0.10272145938140417,0.08375880384894657,0.10787002202824354,0.039371186895636,0.07499586183548085,0.00943482928175298,0.0762985968767815,150.98434747082706,52.39639455608611,0.22980874805300922,40.446339657329624,31.253989735209252,17.235656103975693,7.124071189643286,1.3788524883180553,8.502923677961341,0.0,0.0,0.0,0.6894262441590276,28.496284758573143,9.19234992212037,19.533743584505782,5.74521870132523,0.9192349922120369,3.447131220795138,1.6086612363710646,0.45961749610601843,0.6894262441590276,0.22980874805300922,22.061639813088885,0.9192349922120369,11.720246150703469,8.502923677961341,2.5278962285831015,1.8384699844240737,0.0,34.011694711845365,3.9067487169011565,1.3788524883180553,1.6086612363710646,1.3788524883180553,0.22980874805300922,0.9192349922120369,0.22980874805300922,0.0,0.0,0.012519428708219493,0.012519428708219493,0.0,0.45961749610601843,1.6086612363710646,0.0,0.45961749610601843,0.21005106309321178,0.7512086503632868,17.235656103975693,3.9067487169011565,11.720246150703469,MCD,1,MCD,1,0,1,3.9707,4.154,0.0441,90.2,88.8,True,False,hibrida
63073.0,Sandy Mändly,Switzerland Women's,Eurocopa_2022,3,198.16,336,127,10,85,57,31,10,4,11,2,0,1,0,52,17,45,11,5,3,13,5,8,1,63,1,32,21,3,2,0,61,10,1,1,0,1,1,1,0.0,0.091765086,0.026377957,0.026377957,0,1,12,Left Defensive Midfield,0.36403731597085626,0.028035543692208776,0.6657670105197705,0.36585668610991234,0.11613220943020618,0.045282692727112425,0.1315423737465139,0.02176576225411719,0.2026906157337157,0.0,0.3411552953842013,0.06906540169559952,0.3062844839187189,0.07767101271087948,0.14294004844570043,0.009857934375565548,0.026377957,17.66027006718013,19.144189719076646,56.85969610900833,46.62824854692436,23.161715058505482,19.21992968244945,3.133944363831229,0.0664800833364629,0.08811952999185678,0.06659296824147716,0.11134586412632239,0.02382334140761674,0.005764955994740083,0.04412528299651097,152.6039563988696,57.6806620912394,4.541784416633024,38.60516754138071,25.888171174808235,14.079531691562373,4.541784416633024,1.8167137666532094,4.995962858296327,0.9083568833266047,0.0,0.45417844166330235,0.0,23.617278966491725,7.721033508276141,20.43802987484861,4.995962858296327,2.270892208316512,1.3625353249899073,5.904319741622931,2.270892208316512,3.6334275333064188,0.45417844166330235,28.613241824788048,0.45417844166330235,14.533710133225675,9.53774727492935,1.3625353249899073,0.9083568833266047,0.0,27.704884941461444,4.541784416633024,0.45417844166330235,0.45417844166330235,0.0,0.45417844166330235,0.45417844166330235,0.45417844166330235,0.0,0.04167772375857892,0.0119802994045216,0.0119802994045216,0.0,0.45417844166330235,5.450141299959629,0.45417844166330235,2.270892208316512,0.3411552953842013,0.6657670105197705,14.079531691562373,4.541784416633024,14.533710133225675,MCD,1,MCD,1,0,1,2.9736,3.0031,0.0098,97.8,71.9,True,False,hibrida
131586.0,Kyra Lillee Cooney-Cross,Australia Women's,Mundial_2023,7,782.55,1047,488,3,301,238,106,46,26,67,8,1,2,1,158,55,89,46,2,14,19,11,20,15,110,8,81,53,8,11,0,255,53,9,19,12,7,5,2,0.0,0.42164122249999997,0.0969209672,0.0969209672,0,8,19,Left Defensive Midfield,0.47534706752371386,0.0020774369995813003,0.7870056151719464,0.3759039702218253,0.1656640713677804,0.08591458988957554,0.21040351516199707,0.02232695937411291,0.17585667594652646,0.6135550444061083,0.5155581113027922,0.812152578110025,0.6750963729687134,0.017783741187996506,0.055715289757842956,0.013937546384354897,0.020461748599491097,21.72663236906749,18.58892342646737,58.37897101186864,45.47060443530432,22.878437959057326,20.861544654871775,3.4794100012318108,0.09293725943312298,0.0999992849800247,0.10381697012456621,0.07855128418659164,0.04771888851125829,0.009673509888475595,0.07319522429200614,120.41403105232894,56.12420931569868,0.3450258769407706,34.61759631972398,27.3720529039678,12.190914318573894,5.290396779758482,2.990224266820012,7.705577918343876,0.9200690051753881,0.11500862564692352,0.23001725129384704,0.11500862564692352,18.171362852213917,6.325474410580794,10.235767682576194,5.290396779758482,0.23001725129384704,1.6101207590569293,2.185163887291547,1.2650948821161587,2.3001725129384707,1.725129384703853,12.650948821161588,0.9200690051753881,9.315698677400805,6.095457159286947,0.9200690051753881,1.2650948821161587,0.0,29.3271995399655,6.095457159286947,1.0350776308223117,2.185163887291547,1.3801035077630823,0.8050603795284647,0.5750431282346177,0.23001725129384704,0.0,0.04849237751581369,0.011146747234042553,0.011146747234042553,0.0,0.9200690051753881,2.185163887291547,0.23001725129384704,1.2650948821161587,0.5155581113027922,0.7870056151719464,12.190914318573894,6.095457159286947,9.315698677400805,MCD,1,MCD,1,2,1,4.0047,4.1702,0.0397,91.2,89.9,True,False,hibrida
299860.0,Fuka Nagano,Japan Women's,Mundial_2023,5,354.88,747,357,3,224,188,91,32,2,26,7,0,1,1,140,51,83,26,2,10,11,5,8,4,96,4,49,43,7,4,0,176,20,5,0,0,0,2,1,0.0,0.403385691,0.043080882,0.043080882,0,5,21,Left Defensive Midfield,0.462279597210751,0.0036754616379817305,0.8286964555573423,0.40913252925091254,0.12469399557004769,0.009410064137759997,0.09749159816524501,0.02689616677170401,0.28319610469701767,,0.42783476104598733,0.5354969777030542,0.49257830950234016,0.03149366148623561,0.5554629783924901,0.014220216941600805,0.022317287582726986,19.02275113859446,15.931047650781505,57.38237386102802,45.853816694602514,19.74519987439844,17.921740563942713,3.0880372354977483,0.09109927979613158,0.10626950149621196,0.09019059563702764,0.09220609847021145,0.03420595973008056,0.004944040332154748,0.07621983952848002,189.44431920649237,90.53764652840397,0.7608205590622183,56.80793507664563,47.67808836789901,23.078223624887286,8.115419296663662,0.5072137060414789,6.593778178539225,1.7752479711451759,0.0,0.25360685302073943,0.25360685302073943,35.50495942290352,12.933949504057711,21.04936880072137,6.593778178539225,0.5072137060414789,2.536068530207394,2.7896753832281336,1.268034265103697,2.0288548241659154,1.0144274120829577,24.346257889990987,1.0144274120829577,12.426735798016232,10.905094679891794,1.7752479711451759,1.0144274120829577,0.0,44.63480613165014,5.072137060414788,1.268034265103697,0.0,0.0,0.0,0.5072137060414789,0.25360685302073943,0.0,0.1023013756481064,0.010925606909377819,0.010925606909377819,0.0,1.268034265103697,5.325743913435527,0.25360685302073943,1.268034265103697,0.42783476104598733,0.8286964555573423,23.078223624887286,5.072137060414788,12.426735798016232,MCD,0,MCD,0,2,0,2.5846,2.6391,0.0207,95.4,62.9,True,False,hibrida
10202.0,Virginia Torrecilla Reyes,Spain Women's,Mundial_2019,4,364.42,716,350,7,206,149,105,48,1,44,3,1,1,7,143,37,76,35,3,8,18,10,20,15,97,3,64,61,11,9,0,154,19,2,4,3,1,5,0,0.0,1.194192475,0.15939862000000002,0.15939862000000002,0,5,13,Right Center Midfield,0.48870083821323484,0.00999436537016274,0.7281282214064887,0.5145461996883753,0.23350447674639474,0.003968371236907541,0.2186567411372053,0.014049380549572636,0.17057863651800556,0.8342151675485008,0.4121892322045991,0.7589731628340924,0.6454634869698935,0.027855908018220736,1.0,0.02238202797789342,0.03279271009625669,21.899948581330428,13.514225261825397,60.1470213220262,44.07917460222284,19.173549999227742,16.019065668550873,3.4999539322663713,0.09552184695667935,0.12060675967540466,0.08843539907361729,0.10836293620580983,0.0656708322975752,0.03326600231557638,0.06916704411455275,176.82893364798858,86.43872454859776,1.7287744909719551,50.8753635914604,36.798199879260196,25.931617364579328,11.854453652379123,0.24696778442456505,10.866582514680863,0.7409033532736952,0.24696778442456505,0.24696778442456505,1.7287744909719551,35.31639317271281,9.137808023708908,18.769551616266945,8.643872454859777,0.7409033532736952,1.9757422753965204,4.445420119642171,2.4696778442456506,4.939355688491301,3.7045167663684757,23.95587508918281,0.7409033532736952,15.805938203172163,15.065034849898467,2.7166456286702156,2.2227100598210856,0.0,38.033038801383015,4.692387904066736,0.4939355688491301,0.9878711376982602,0.7409033532736952,0.24696778442456505,1.2348389221228253,0.0,0.0,0.2949270697272378,0.039366324021733165,0.039366324021733165,0.0,1.2348389221228253,3.2105811975193457,0.24696778442456505,2.4696778442456506,0.4121892322045991,0.7281282214064887,25.931617364579328,4.692387904066736,15.805938203172163,MC,0,MC,0,3,0,5.6952,5.7304,0.0062,98.6,96.6,True,True,hibrida_anomala
10650.0,Jill Roord,Netherlands Women's,Mundial_2019,19,1147.98,2189,1377,109,531,451,126,34,10,53,12,0,10,1,216,138,260,73,8,19,48,30,26,15,316,22,148,185,17,2,0,499,54,14,26,12,14,35,13,6.0,0.7526630449999999,4.6355901435,4.6355901435,0,11,140,Right Center Midfield,0.6182202381227838,0.04653426867090677,0.8418090515499652,0.23077886469443265,0.06386966762861465,0.020765838696669627,0.09178054642441065,0.02058930960808685,0.2562367035771207,0.39995111408428957,0.5753164278808123,0.48045689658800594,0.5744008223984273,0.021659898300087882,0.9780034301581685,0.0668193376790375,0.14036251251528725,17.03695335902474,9.87724288827329,67.83969209680954,50.279936162515746,22.578489292828394,17.770006570918667,3.4398854471696274,0.06561855513659644,0.09756332850917705,0.07718636442477551,0.07729050836408274,0.14974170623583336,0.20724479622727732,0.05579074497109496,171.61448805728324,107.95484241885747,8.545445042596562,41.62964511576857,35.357758845972924,9.878220874928134,2.6655516646631474,0.783985783724455,4.155124653739612,0.9407829404693461,0.0,0.783985783724455,0.0783985783724455,16.93409292844823,10.819003815397481,20.383630376835832,5.723096221188522,0.627188626979564,1.4895729890764648,3.7631317618773843,2.3519573511733656,2.0383630376835833,1.1759786755866828,24.773950765692785,1.7247687241938012,11.602989599121935,14.50373699890242,1.3327758323315737,0.156797156744891,0.0,39.12089060785031,4.2335232321120575,1.097580097214237,2.0383630376835833,0.9407829404693461,1.097580097214237,2.743950243035593,1.0191815188417916,0.47039147023467304,0.05900771272147598,0.3634236771677207,0.3634236771677207,0.0,0.8623843620969006,10.975800972142371,0.783985783724455,2.3519573511733656,0.5753164278808123,0.8418090515499652,9.878220874928134,4.2335232321120575,11.602989599121935,MC,0,MC,0,3,0,3.2585,3.4179,0.0466,89.6,69.0,True,False,hibrida
31630.0,Coumba Sow,Switzerland Women's,Eurocopa_2022,7,594.5,1036,510,70,230,161,76,23,1,18,3,0,1,1,134,66,154,50,5,23,29,8,39,25,188,8,107,91,10,12,0,184,27,3,8,4,4,10,4,1.0,0.304406204,1.647397088,1.647397088,1,5,52,Right Center Midfield,0.4712476346676316,0.06239149583216896,0.6735967316029682,0.33245531467286865,0.10011593606036923,0.005568283982483106,0.08358194937243511,0.01259566460111688,0.2864674503295899,0.5370629370629371,0.4072890384076254,0.5329408466498458,0.526867133427268,0.034442708959109294,0.0,0.044028314711980446,0.12150142327176221,15.117350640751882,12.282131967611967,61.42188402986423,45.51491943322913,25.391766425709463,18.541924135013026,3.3495216640029715,0.06783972456819409,0.13284045042906822,0.06878025291755008,0.12245955571788973,0.19416075934158356,0.24600428220119602,0.04616078774433915,156.8376787216148,77.20773759461733,10.597140454163162,34.81917577796468,24.373423044575272,11.505466778805719,3.4819175777964677,0.15138772077375945,2.72497897392767,0.4541631623212784,0.0,0.15138772077375945,0.15138772077375945,20.28595458368377,9.991589571068126,23.31370899915896,7.569386038687973,0.7569386038687973,3.4819175777964677,4.390243902439025,1.2111017661900756,5.904121110176619,3.7846930193439867,28.46089150546678,1.2111017661900756,16.19848612279226,13.776282590412112,1.5138772077375946,1.8166526492851136,0.0,27.85534062237174,4.087468460891505,0.4541631623212784,1.2111017661900756,0.6055508830950378,0.6055508830950378,1.5138772077375946,0.6055508830950378,0.15138772077375945,0.046083361412952065,0.24939569036164844,0.24939569036164844,0.15138772077375945,0.7569386038687973,7.872161480235492,0.15138772077375945,1.2111017661900756,0.4072890384076254,0.6735967316029682,11.505466778805719,4.087468460891505,16.19848612279226,MC,1,MC,1,2,1,2.448,2.549,0.0396,91.2,51.7,True,False,hibrida
349028.0,Giulia Dragoni,Italy Women's,Mundial_2023,3,245.68,446,267,2,86,75,27,11,2,8,1,0,1,1,38,19,86,25,4,11,9,2,3,0,99,6,49,65,3,0,0,97,15,1,11,8,3,1,0,0.0,0.022601107,0.040075608,0.040075608,0,0,20,Center Attacking Midfield,0.5913716270850681,0.004374219083374175,0.8701500592729301,0.3161926650514623,0.1252962264205513,0.02685850897447283,0.0810562794684627,0.008274009364578536,0.23487785336040426,0.7153267927724449,0.16836942364050797,0.0,0.16836942364050797,0.056861616349568156,0.5569538906442456,0.012827723671097165,0.040075608,18.710789392704555,11.045361017187265,64.87711645448742,42.77834393618856,23.567592840156735,22.443310039513282,3.6681030609262066,0.05921995412828853,0.13728846742203626,0.08165405572264725,0.09936999902676562,0.024900875361541553,0.0053080314088435,0.051334979790007874,163.38326278085313,97.8101595571475,0.732660371214588,31.504395962227285,27.47476392054705,9.890915011396938,4.029632041680235,0.732660371214588,2.930641484858352,0.366330185607294,0.0,0.366330185607294,0.366330185607294,13.920547053077174,6.960273526538587,31.504395962227285,9.158254640182351,1.465320742429176,4.029632041680235,3.296971670465646,0.732660371214588,1.098990556821882,0.0,36.26668837512211,2.197981113643764,17.950179094757406,23.811462064474114,1.098990556821882,0.0,0.0,35.53402800390752,5.49495278410941,0.366330185607294,4.029632041680235,2.930641484858352,1.098990556821882,0.366330185607294,0.0,0.0,0.008279467722240311,0.014680904916965156,0.014680904916965156,0.0,0.0,7.3266037121458805,0.366330185607294,0.732660371214588,0.16836942364050797,0.8701500592729301,9.890915011396938,5.49495278410941,17.950179094757406,MC,0,MC,0,2,0,3.8316,3.9354,0.0264,94.1,80.5,True,False,hibrida
401929.0,Hikaru Naomoto,Japan Women's,Mundial_2023,3,190.13,317,179,12,64,42,23,10,10,10,3,0,3,1,32,17,47,6,1,11,10,2,5,0,58,4,28,22,5,1,0,54,11,3,2,2,0,7,3,1.0,0.288454872,0.684134499,0.684134499,0,6,19,Left Attacking Midfield,0.5208308216866895,0.033261119072020125,0.6201065232711171,0.4069533218730305,0.21400337098322136,0.1411677865669179,0.15652431547926873,0.03247857526508976,0.3393647979125506,1.0,0.1438489454583706,0.0,0.11667455600554005,0.013975400290027125,0.16034292326303057,0.1100048980169784,0.08522084802850448,19.99443190485995,11.084700485352506,64.49449672803941,59.34956563596399,23.166596361931774,16.852314582487246,3.396218415121205,0.05469163535665156,0.09305926664294484,0.058901082004535296,0.10374080627156898,0.22371257586750876,0.15901135819695908,0.03297061229368482,150.05522537211382,84.73149950034187,5.680323988849734,30.29506127386525,19.88113396097407,10.887287645295324,4.733603324041445,4.733603324041445,4.733603324041445,1.4200809972124335,0.0,1.4200809972124335,0.47336033240414455,15.147530636932625,8.047125650870457,22.247935622994795,2.840161994424867,0.47336033240414455,5.2069636564455895,4.733603324041445,0.9467206648082891,2.3668016620207224,0.0,27.454899279440383,1.8934413296165782,13.254089307316047,10.413927312891179,2.3668016620207224,0.47336033240414455,0.0,25.561457949823808,5.2069636564455895,1.4200809972124335,0.9467206648082891,0.9467206648082891,0.0,3.3135223268290117,1.4200809972124335,0.47336033240414455,0.13654309409351495,0.3238421338557829,0.3238421338557829,0.0,2.840161994424867,8.993846315678747,1.4200809972124335,0.9467206648082891,0.1438489454583706,0.6201065232711171,10.887287645295324,5.2069636564455895,13.254089307316047,MC,3,MC,3,1,3,4.0826,4.1383,0.0135,97.0,85.1,True,False,hibrida
25616.0,Gabrielle Onguene,Cameroon Women's,Mundial_2019,4,374.93,595,428,61,71,42,16,10,4,5,3,1,6,0,32,14,85,26,2,2,12,3,10,2,99,7,42,62,4,2,0,121,42,15,22,11,11,10,4,1.0,0.51255803,1.588064928,1.588064928,0,7,42,Left Wing,0.7096432304656001,0.09912449484640891,0.5745516940940087,0.22262066696894536,0.13751722543763728,0.04890112821059931,0.07533850763253586,0.041159683140852964,0.20469332053094358,0.5746628259497328,0.2733821424443674,0.16545310680215863,0.24561283185559715,0.01887531826453759,1.173877738353722,0.1325154028752034,0.23628336505123892,15.65876961195921,11.11073507978005,77.19082938942115,44.09902080388438,24.255701858024413,24.012706916786065,3.7466818466819145,0.05801020875954378,0.11019419237592293,0.12306619272541701,0.0680514375987287,0.139450515611399,0.27930993030460965,0.03267946752581159,142.82666097671566,102.73917797988958,14.642733310217908,17.043181393860188,10.081881951297575,3.8407169338276477,2.40044808364228,0.9601792334569119,1.20022404182114,0.720134425092684,0.24004480836422798,1.440268850185368,0.0,7.681433867655295,3.360627317099192,20.403808710959378,6.241165017469927,0.48008961672845596,0.48008961672845596,2.880537700370736,0.720134425092684,2.40044808364228,0.48008961672845596,23.764436028058572,1.680313658549596,10.081881951297575,14.882778118582136,0.9601792334569119,0.48008961672845596,0.0,29.045421812071588,10.081881951297575,3.6006721254634195,5.280985784013016,2.640492892006508,2.640492892006508,2.40044808364228,0.9601792334569119,0.24004480836422798,0.12303689408689622,0.3812067413117115,0.3812067413117115,0.0,1.680313658549596,10.081881951297575,1.440268850185368,0.720134425092684,0.2733821424443674,0.5745516940940087,3.8407169338276477,10.081881951297575,10.081881951297575,EXT,0,EXT,0,1,0,4.4282,4.6726,0.0523,88.4,85.4,True,False,hibrida
31531.0,Lauren James,England Women's,Mundial_2023,11,870.73,1420,1058,82,332,274,95,32,24,40,8,3,24,3,148,93,131,51,5,17,31,11,24,8,167,19,104,124,5,6,0,337,73,15,17,10,7,24,11,5.0,1.436593481,2.7112081595,1.9277081594999999,0,14,122,Right Wing,0.720049132188739,0.05581228972218025,0.8233932168437945,0.30699165649822113,0.1111318957764737,0.07035666241180527,0.12340896361940785,0.02539138551953172,0.3165901916441859,0.6708897294505461,0.33638737985791894,0.2731072847921928,0.37600295446218607,0.0230393527397191,0.9868551913767131,0.07862486954177951,0.11573005796410021,17.941828841064577,9.144585289244056,73.83298840796854,47.848365370498726,25.73556954583524,18.823906245904205,3.503712054586706,0.05621985223538237,0.07172722288627403,0.07728585915735454,0.08923589357691251,0.15436665380840012,0.11984776668637057,0.046753701517408174,146.77339703467206,109.35651694555143,8.475646871016274,34.31603367289516,28.321063934859257,9.819346984713976,3.307569510640497,2.4806771329803725,4.1344618883006214,0.8268923776601242,0.31008464162254656,2.4806771329803725,0.31008464162254656,15.297508986712298,9.612623890298945,13.540362684184535,5.271438907583292,0.5168077360375777,1.757146302527764,3.204207963432981,1.136977019282671,2.4806771329803725,0.8268923776601242,17.261378383655096,1.963869396942795,10.749600909581616,12.816831853731925,0.5168077360375777,0.6201692832450931,0.0,34.83284140893273,7.545392946148635,1.550423208112733,1.757146302527764,1.0336154720751554,0.7235308304526087,2.4806771329803725,1.136977019282671,0.5168077360375777,0.14848852490439057,0.28023467016756054,0.19925089793047213,0.0,1.4470616609052174,12.610108759316894,2.4806771329803725,1.136977019282671,0.33638737985791894,0.8233932168437945,9.819346984713976,7.545392946148635,10.749600909581616,EXT,0,EXT,0,1,0,3.4348,3.548,0.0319,92.9,68.3,True,False,hibrida
45371.0,Lauren Wade,Northern Ireland,Eurocopa_2022,3,263.03,258,140,10,35,21,13,3,2,2,1,0,2,0,24,6,60,11,4,6,10,3,3,0,74,2,31,37,2,1,0,44,21,6,5,3,2,8,4,0.0,0.039762076,0.4305629053,0.4305629053,0,0,12,Right Wing,0.5245136269049235,0.03587673302711708,0.6582663833714095,0.3983584658507672,0.10432032467779341,0.03755750294643197,0.051267268165055495,0.018778751473215984,0.15380180449516648,0.6710831464091549,0.41746568832452574,0.0,0.40745035420547726,0.05699668889655085,1.0,0.24962564761019312,0.05028229707198166,16.156965639094274,15.604335674142392,62.216983214211226,61.564366673450905,28.371357625281266,14.515585192356557,4.9125186629353275,0.042153673740209646,0.11994123792970075,0.07193120372630131,0.09932652055223627,0.5127551990267271,0.5113884628540316,0.027195748600536855,88.27890354712392,47.90328099456336,3.4216629281830975,11.97582024864084,7.185492149184505,4.448161806638026,1.0264988784549292,0.6843325856366195,0.6843325856366195,0.34216629281830974,0.0,0.6843325856366195,0.0,8.211991027639433,2.0529977569098583,20.529977569098584,3.763829221001407,1.368665171273239,2.0529977569098583,3.4216629281830975,1.0264988784549292,1.0264988784549292,0.0,25.320305668554923,0.6843325856366195,10.6071550773676,12.660152834277461,0.6843325856366195,0.34216629281830974,0.0,15.055316884005627,7.185492149184505,2.0529977569098583,1.7108314640915487,1.0264988784549292,0.6843325856366195,2.737330342546478,1.368665171273239,0.0,0.013605242139679886,0.14732411313158197,0.14732411313158197,0.0,0.0,4.105995513819717,0.6843325856366195,1.0264988784549292,0.41746568832452574,0.6582663833714095,4.448161806638026,7.185492149184505,10.6071550773676,EXT,1,EXT,1,0,1,3.0657,3.1437,0.0248,94.5,58.5,True,False,hibrida
49172.0,Sophia Olivia Smith,United States Women's,Mundial_2023,4,385.17,709,570,78,98,50,39,10,11,6,5,1,14,2,65,25,91,33,2,10,12,5,7,2,105,9,57,100,3,2,0,155,53,12,22,11,11,14,4,2.0,0.82248744,1.9211079399999997,1.1376079399999999,0,8,63,Left Wing,0.8071529647965258,0.11419383907893195,0.5113471568802981,0.39806492544244704,0.10301884941654393,0.11301679601391416,0.06238616901441109,0.05134003260804414,0.25296492587558866,0.49421591208334725,0.37441476058190754,0.19897435897435894,0.38077558826838365,0.022750794067966467,1.4803073967339098,0.1415524916965839,0.12082347127220881,15.64924643653676,11.514081668359472,80.37684711051119,56.29853181592528,22.97335358102208,18.324327069460626,4.143623030039649,0.050562446244858915,0.12577732394905114,0.09854238991086062,0.08938229136567838,0.153221754703011,0.12569710832429268,0.025509367532782365,165.66710803022042,133.18794298621387,18.22571851390295,22.898979671313967,11.683152893527533,9.112859256951475,2.3366305787055066,2.5702936365760576,1.4019783472233038,1.1683152893527533,0.23366305787055067,3.2712828101877096,0.46732611574110133,15.188098761585794,5.841576446763766,21.26333826622011,7.710880909728171,0.46732611574110133,2.3366305787055066,2.8039566944466077,1.1683152893527533,1.6356414050938548,0.46732611574110133,24.53462107640782,2.102967520834956,13.318794298621388,23.366305787055065,0.7009891736116519,0.46732611574110133,0.0,36.21777396993535,12.384142067139186,2.8039566944466077,5.140587273152115,2.5702936365760576,2.5702936365760576,3.2712828101877096,0.9346522314822027,0.46732611574110133,0.19218493029052103,0.4488919557597943,0.2658169499182179,0.0,1.8693044629644053,14.72077264584469,3.2712828101877096,1.1683152893527533,0.37441476058190754,0.5113471568802981,9.112859256951475,12.384142067139186,13.318794298621388,EXT,0,EXT,0,1,0,5.244,5.4879,0.0445,90.1,91.1,True,True,hibrida_anomala
225383.0,Ria Öling,WNT Finland,Eurocopa_2022,6,420.38,715,409,23,140,98,57,18,1,15,5,0,2,1,88,39,116,26,2,11,19,9,8,2,137,11,58,67,15,7,0,155,30,7,18,8,10,6,3,0.0,0.259296887,0.297312138,0.297312138,0,4,51,Left Midfield,0.5634213562225515,0.034422812404872175,0.689531812236909,0.40937028493983013,0.10997607304675597,0.004667052390387193,0.09829679369791719,0.03877034079182875,0.29095975573051513,0.32046362814596324,0.41482864709707085,0.21126382836071067,0.46232037227089334,0.013052942021970044,1.0,0.038109570892585536,0.04559596962757837,16.663556332651,12.998439586047246,62.18877952421045,52.621043177258606,25.40951286811712,17.58555513053735,3.6283925445670153,0.05828719970971366,0.11286763321318674,0.08923088981004997,0.09245022823420128,0.08395630521742613,0.08163884270260022,0.04015193911239142,153.07578857224416,87.56363290356344,4.924116275750511,29.97288167848137,20.981017174936962,12.203244683381701,3.8536562158047483,0.21409201198915268,3.21138017983729,1.0704600599457634,0.0,0.42818402397830535,0.21409201198915268,18.840097055045437,8.349588467576954,24.83467339074171,5.56639231171797,0.42818402397830535,2.3550121318806796,4.067748227793901,1.9268281079023741,1.7127360959132214,0.42818402397830535,29.330605642513916,2.3550121318806796,12.417336695370855,14.344164803273229,3.21138017983729,1.498644083924069,0.0,33.18426185831866,6.42276035967458,1.498644083924069,3.8536562158047483,1.7127360959132214,2.140920119891527,1.284552071934916,0.642276035967458,0.0,0.05551339224035396,0.06365215381321662,0.06365215381321662,0.0,0.8563680479566107,10.918692611446787,0.42818402397830535,1.9268281079023741,0.41482864709707085,0.689531812236909,12.203244683381701,6.42276035967458,12.417336695370855,EXT,0,EXT,0,1,0,2.2187,2.3318,0.0485,89.2,24.4,True,False,hibrida
392355.0,Oona Siren,WNT Finland,Eurocopa_2025,3,289.0,636,331,1,167,149,46,18,1,10,1,1,0,1,81,20,94,23,3,8,12,7,2,1,109,5,46,55,3,7,0,145,22,6,8,2,6,2,1,0.0,0.27107736,0.050723105,0.050723105,0,3,25,Right Midfield,0.5238173721275263,0.0015004440089414215,0.8835134607476208,0.27907774874655744,0.11055799482422726,0.006849798743026622,0.06409367899408898,0.004783228170160797,0.11992107569671467,0.1695501730103806,0.6054209919261823,0.5104166666666666,0.568166089965398,0.02376794826471838,0.0,0.013631805663441847,0.025366581974358975,16.405059437389532,16.951285392511178,59.54778778323957,50.00998880220858,24.678007122205283,18.710289354996775,3.117764784548008,0.1068263894472466,0.13956913267182713,0.1147081715339233,0.11492473621708352,0.07749423298731256,0.018904530174870197,0.09472266115080741,198.06228373702422,103.0795847750865,0.31141868512110726,52.00692041522491,46.40138408304498,14.325259515570934,5.6055363321799305,0.31141868512110726,3.114186851211073,0.31141868512110726,0.31141868512110726,0.0,0.31141868512110726,25.22491349480969,6.228373702422146,29.27335640138408,7.162629757785467,0.9342560553633218,2.491349480968858,3.737024221453287,2.179930795847751,0.6228373702422145,0.31141868512110726,33.944636678200695,1.5570934256055364,14.325259515570934,17.1280276816609,0.9342560553633218,2.179930795847751,0.0,45.155709342560556,6.85121107266436,1.8685121107266436,2.491349480968858,0.6228373702422145,1.8685121107266436,0.6228373702422145,0.31141868512110726,0.0,0.08441855501730104,0.01579612266435986,0.01579612266435986,0.0,0.9342560553633218,7.7854671280276815,0.0,2.179930795847751,0.6054209919261823,0.8835134607476208,14.325259515570934,6.85121107266436,14.325259515570934,EXT,1,EXT,1,0,1,5.1736,5.3106,0.0258,94.3,90.2,True,True,hibrida_anomala
10099.0,Tessa Wullaert,Belgium Women's,Eurocopa_2022,7,669.33,940,521,39,259,178,105,36,26,40,5,3,13,7,152,50,92,27,1,6,19,5,13,4,112,6,53,70,6,6,0,191,34,10,9,5,4,12,5,1.0,1.330809861,1.0394942010000001,1.0394942010000001,0,2,60,Right Center Forward,0.540716604156651,0.04595219490075926,0.6841885377418947,0.39646807029315223,0.13981634128083356,0.10989931256774783,0.1726822187040554,0.020681785757769116,0.20527916136598517,0.5309170143225361,0.25948351090563126,0.36244841815680884,0.3486732317578089,0.006587320020155842,0.4894197680267332,0.050663220830827076,0.10461342300777977,20.59110842157249,12.112199475043237,65.52267784773873,43.70851224775018,24.052290587280126,22.549043393055207,3.537877908774809,0.09334144157049645,0.07905607526365248,0.09562701350247514,0.06918827250328168,0.1697804833791567,0.1557355431184693,0.06485674147282905,126.39505176818608,70.05512975662229,5.244050020169423,34.82587064676616,23.934382143337366,14.118596208148444,4.840661557079467,3.4960333467796154,5.3785128411994085,0.6723141051499261,0.40338846308995563,1.7480166733898077,0.9412397472098963,20.43834879655775,6.72314105149926,12.370579534758638,3.630496167809601,0.13446282102998522,0.8067769261799113,2.554793599569719,0.6723141051499261,1.7480166733898077,0.5378512841199409,15.059835955358341,0.8067769261799113,7.126529514589216,9.412397472098965,0.8067769261799113,0.8067769261799113,0.0,25.682398816727176,4.571735915019497,1.3446282102998521,1.2101653892698667,0.6723141051499261,0.5378512841199409,1.6135538523598225,0.6723141051499261,0.13446282102998522,0.1789444481645825,0.13977332271077048,0.13977332271077048,0.0,0.26892564205997044,8.06776926179911,1.7480166733898077,0.6723141051499261,0.25948351090563126,0.6841885377418947,14.118596208148444,4.571735915019497,7.126529514589216,DEL,1,DEL,1,3,1,1.8679,1.9292,0.0317,92.9,81.7,True,False,hibrida
443269.0,Sydney Schertenleib,Switzerland Women's,Eurocopa_2025,4,287.38,456,307,26,85,62,30,7,7,15,3,1,3,1,42,16,58,8,3,6,9,2,13,7,70,1,26,42,1,2,0,110,21,6,19,8,11,7,1,0.0,0.508938679,0.1601595146,0.1601595146,0,7,42,Left Center Forward,0.6664703511550994,0.05855693685311485,0.7262087785784634,0.37804950672930354,0.0793222482623276,0.06343723164657121,0.17044182918634865,0.034000665011869685,0.18950719326528362,0.4386892960054987,0.23501731567398948,0.5788867568740906,0.4941736946330168,0.03358245502792792,0.7770481402173052,0.08928818724211583,0.017622591236220158,18.412860329242225,22.37854430426066,70.79044367592428,49.803755976419694,21.79807472489935,20.7286288405877,3.2159893710200826,0.05983969106468925,0.08092199211705062,0.09211952716280193,0.06976194424086644,0.1942027976894704,0.09115431520951106,0.04314216716882911,142.8074326675482,96.14447769503793,8.142529055605818,26.6198065279421,19.416800055675413,9.39522583339133,2.192219361124643,2.192219361124643,4.697612916695665,0.9395225833391329,0.3131741944463776,0.9395225833391329,0.3131741944463776,13.15331616674786,5.010787111142042,18.1641032778899,2.505393555571021,0.9395225833391329,1.8790451666782657,2.8185677500173987,0.6263483888927552,4.071264527802909,2.192219361124643,21.92219361124643,0.3131741944463776,8.142529055605818,13.15331616674786,0.3131741944463776,0.6263483888927552,0.0,34.44916138910154,6.57665808337393,1.8790451666782657,5.950309694481175,2.505393555571021,3.444916138910154,2.192219361124643,0.3131741944463776,0.0,0.15938646081842855,0.050157826967777853,0.050157826967777853,0.0,2.192219361124643,13.15331616674786,0.9395225833391329,0.6263483888927552,0.23501731567398948,0.7262087785784634,9.39522583339133,6.57665808337393,8.142529055605818,DEL,1,DEL,1,3,1,3.6433,3.659,0.0043,99.0,100.0,True,True,hibrida_anomala
